acc	kernel	method	corr	analysis
0.45	0	No control	0.0	Trial-wise
0.475	0	CVCR	0.0	Trial-wise
0.55	0	Baseline	0.0	Trial-wise
0.6	0	No control	0.0	Run-wise
0.5	0	CVCR	0.0	Run-wise
0.8	0	Baseline	0.0	Run-wise
0.5625	0	No control	0.0	Trial-wise
0.525	0	CVCR	0.0	Trial-wise
0.4875	0	Baseline	0.0	Trial-wise
0.25	0	No control	0.0	Run-wise
0.25	0	CVCR	0.0	Run-wise
0.4	0	Baseline	0.0	Run-wise
0.425	0	No control	0.0	Trial-wise
0.4125	0	CVCR	0.0	Trial-wise
0.6125	0	Baseline	0.0	Trial-wise
0.35	0	No control	0.0	Run-wise
0.45	0	CVCR	0.0	Run-wise
0.45	0	Baseline	0.0	Run-wise
0.475	0	No control	0.0	Trial-wise
0.55	0	CVCR	0.0	Trial-wise
0.45	0	Baseline	0.0	Trial-wise
0.45	0	No control	0.0	Run-wise
0.5	0	CVCR	0.0	Run-wise
0.4	0	Baseline	0.0	Run-wise
0.5875	0	No control	0.0	Trial-wise
0.5875	0	CVCR	0.0	Trial-wise
0.5	0	Baseline	0.0	Trial-wise
0.6	0	No control	0.0	Run-wise
0.55	0	CVCR	0.0	Run-wise
0.4	0	Baseline	0.0	Run-wise
0.4375	0	No control	0.0	Trial-wise
0.4125	0	CVCR	0.0	Trial-wise
0.55	0	Baseline	0.0	Trial-wise
0.5	0	No control	0.0	Run-wise
0.45	0	CVCR	0.0	Run-wise
0.65	0	Baseline	0.0	Run-wise
0.3875	0	No control	0.0	Trial-wise
0.4125	0	CVCR	0.0	Trial-wise
0.6375	0	Baseline	0.0	Trial-wise
0.7	0	No control	0.0	Run-wise
0.7	0	CVCR	0.0	Run-wise
0.65	0	Baseline	0.0	Run-wise
0.375	0	No control	0.0	Trial-wise
0.4	0	CVCR	0.0	Trial-wise
0.4875	0	Baseline	0.0	Trial-wise
0.4	0	No control	0.0	Run-wise
0.35	0	CVCR	0.0	Run-wise
0.4	0	Baseline	0.0	Run-wise
0.675	0	No control	0.0	Trial-wise
0.6375	0	CVCR	0.0	Trial-wise
0.45	0	Baseline	0.0	Trial-wise
0.15	0	No control	0.0	Run-wise
0.15	0	CVCR	0.0	Run-wise
0.65	0	Baseline	0.0	Run-wise
0.4	0	No control	0.0	Trial-wise
0.4125	0	CVCR	0.0	Trial-wise
0.525	0	Baseline	0.0	Trial-wise
0.5	0	No control	0.0	Run-wise
0.6	0	CVCR	0.0	Run-wise
0.6	0	Baseline	0.0	Run-wise
0.675	0	No control	0.2	Trial-wise
0.5875	0	CVCR	0.2	Trial-wise
0.6375	0	Baseline	0.2	Trial-wise
0.45	0	No control	0.2	Run-wise
0.5	0	CVCR	0.2	Run-wise
0.5	0	Baseline	0.2	Run-wise
0.5375	0	No control	0.2	Trial-wise
0.4625	0	CVCR	0.2	Trial-wise
0.6	0	Baseline	0.2	Trial-wise
0.55	0	No control	0.2	Run-wise
0.45	0	CVCR	0.2	Run-wise
0.45	0	Baseline	0.2	Run-wise
0.5	0	No control	0.2	Trial-wise
0.5	0	CVCR	0.2	Trial-wise
0.55	0	Baseline	0.2	Trial-wise
0.6	0	No control	0.2	Run-wise
0.6	0	CVCR	0.2	Run-wise
0.3	0	Baseline	0.2	Run-wise
0.525	0	No control	0.2	Trial-wise
0.4125	0	CVCR	0.2	Trial-wise
0.3375	0	Baseline	0.2	Trial-wise
0.5	0	No control	0.2	Run-wise
0.5	0	CVCR	0.2	Run-wise
0.55	0	Baseline	0.2	Run-wise
0.5625	0	No control	0.2	Trial-wise
0.5375	0	CVCR	0.2	Trial-wise
0.475	0	Baseline	0.2	Trial-wise
0.5	0	No control	0.2	Run-wise
0.4	0	CVCR	0.2	Run-wise
0.75	0	Baseline	0.2	Run-wise
0.5875	0	No control	0.2	Trial-wise
0.525	0	CVCR	0.2	Trial-wise
0.4875	0	Baseline	0.2	Trial-wise
0.7	0	No control	0.2	Run-wise
0.6	0	CVCR	0.2	Run-wise
0.4	0	Baseline	0.2	Run-wise
0.5375	0	No control	0.2	Trial-wise
0.45	0	CVCR	0.2	Trial-wise
0.425	0	Baseline	0.2	Trial-wise
0.3	0	No control	0.2	Run-wise
0.55	0	CVCR	0.2	Run-wise
0.65	0	Baseline	0.2	Run-wise
0.65	0	No control	0.2	Trial-wise
0.625	0	CVCR	0.2	Trial-wise
0.5375	0	Baseline	0.2	Trial-wise
0.25	0	No control	0.2	Run-wise
0.2	0	CVCR	0.2	Run-wise
0.3	0	Baseline	0.2	Run-wise
0.4375	0	No control	0.2	Trial-wise
0.45	0	CVCR	0.2	Trial-wise
0.4875	0	Baseline	0.2	Trial-wise
0.45	0	No control	0.2	Run-wise
0.35	0	CVCR	0.2	Run-wise
0.75	0	Baseline	0.2	Run-wise
0.475	0	No control	0.2	Trial-wise
0.575	0	CVCR	0.2	Trial-wise
0.5625	0	Baseline	0.2	Trial-wise
0.6	0	No control	0.2	Run-wise
0.5	0	CVCR	0.2	Run-wise
0.65	0	Baseline	0.2	Run-wise
0.65	0	No control	0.5	Trial-wise
0.6125	0	CVCR	0.5	Trial-wise
0.45	0	Baseline	0.5	Trial-wise
0.5	0	No control	0.5	Run-wise
0.55	0	CVCR	0.5	Run-wise
0.6	0	Baseline	0.5	Run-wise
0.75	0	No control	0.5	Trial-wise
0.5375	0	CVCR	0.5	Trial-wise
0.675	0	Baseline	0.5	Trial-wise
0.8	0	No control	0.5	Run-wise
0.65	0	CVCR	0.5	Run-wise
0.6	0	Baseline	0.5	Run-wise
0.5875	0	No control	0.5	Trial-wise
0.425	0	CVCR	0.5	Trial-wise
0.5375	0	Baseline	0.5	Trial-wise
0.65	0	No control	0.5	Run-wise
0.65	0	CVCR	0.5	Run-wise
0.4	0	Baseline	0.5	Run-wise
0.6375	0	No control	0.5	Trial-wise
0.5	0	CVCR	0.5	Trial-wise
0.4375	0	Baseline	0.5	Trial-wise
0.45	0	No control	0.5	Run-wise
0.4	0	CVCR	0.5	Run-wise
0.35	0	Baseline	0.5	Run-wise
0.575	0	No control	0.5	Trial-wise
0.4125	0	CVCR	0.5	Trial-wise
0.325	0	Baseline	0.5	Trial-wise
0.6	0	No control	0.5	Run-wise
0.5	0	CVCR	0.5	Run-wise
0.2	0	Baseline	0.5	Run-wise
0.5625	0	No control	0.5	Trial-wise
0.4375	0	CVCR	0.5	Trial-wise
0.4375	0	Baseline	0.5	Trial-wise
0.75	0	No control	0.5	Run-wise
0.45	0	CVCR	0.5	Run-wise
0.5	0	Baseline	0.5	Run-wise
0.55	0	No control	0.5	Trial-wise
0.5625	0	CVCR	0.5	Trial-wise
0.5	0	Baseline	0.5	Trial-wise
0.4	0	No control	0.5	Run-wise
0.6	0	CVCR	0.5	Run-wise
0.55	0	Baseline	0.5	Run-wise
0.6	0	No control	0.5	Trial-wise
0.5125	0	CVCR	0.5	Trial-wise
0.425	0	Baseline	0.5	Trial-wise
0.6	0	No control	0.5	Run-wise
0.5	0	CVCR	0.5	Run-wise
0.3	0	Baseline	0.5	Run-wise
0.6	0	No control	0.5	Trial-wise
0.5125	0	CVCR	0.5	Trial-wise
0.5	0	Baseline	0.5	Trial-wise
0.75	0	No control	0.5	Run-wise
0.6	0	CVCR	0.5	Run-wise
0.65	0	Baseline	0.5	Run-wise
0.6125	0	No control	0.5	Trial-wise
0.4625	0	CVCR	0.5	Trial-wise
0.525	0	Baseline	0.5	Trial-wise
0.65	0	No control	0.5	Run-wise
0.5	0	CVCR	0.5	Run-wise
0.55	0	Baseline	0.5	Run-wise
0.775	0	No control	0.8	Trial-wise
0.525	0	CVCR	0.8	Trial-wise
0.3875	0	Baseline	0.8	Trial-wise
0.6	0	No control	0.8	Run-wise
0.6	0	CVCR	0.8	Run-wise
0.75	0	Baseline	0.8	Run-wise
0.7375	0	No control	0.8	Trial-wise
0.425	0	CVCR	0.8	Trial-wise
0.55	0	Baseline	0.8	Trial-wise
0.65	0	No control	0.8	Run-wise
0.5	0	CVCR	0.8	Run-wise
0.3	0	Baseline	0.8	Run-wise
0.7125	0	No control	0.8	Trial-wise
0.5	0	CVCR	0.8	Trial-wise
0.45	0	Baseline	0.8	Trial-wise
0.85	0	No control	0.8	Run-wise
0.45	0	CVCR	0.8	Run-wise
0.5	0	Baseline	0.8	Run-wise
0.8	0	No control	0.8	Trial-wise
0.575	0	CVCR	0.8	Trial-wise
0.5625	0	Baseline	0.8	Trial-wise
0.65	0	No control	0.8	Run-wise
0.4	0	CVCR	0.8	Run-wise
0.5	0	Baseline	0.8	Run-wise
0.6625	0	No control	0.8	Trial-wise
0.5125	0	CVCR	0.8	Trial-wise
0.5125	0	Baseline	0.8	Trial-wise
0.65	0	No control	0.8	Run-wise
0.45	0	CVCR	0.8	Run-wise
0.55	0	Baseline	0.8	Run-wise
0.8	0	No control	0.8	Trial-wise
0.575	0	CVCR	0.8	Trial-wise
0.6125	0	Baseline	0.8	Trial-wise
0.7	0	No control	0.8	Run-wise
0.65	0	CVCR	0.8	Run-wise
0.4	0	Baseline	0.8	Run-wise
0.7375	0	No control	0.8	Trial-wise
0.5	0	CVCR	0.8	Trial-wise
0.5	0	Baseline	0.8	Trial-wise
0.55	0	No control	0.8	Run-wise
0.45	0	CVCR	0.8	Run-wise
0.65	0	Baseline	0.8	Run-wise
0.775	0	No control	0.8	Trial-wise
0.5375	0	CVCR	0.8	Trial-wise
0.6125	0	Baseline	0.8	Trial-wise
0.55	0	No control	0.8	Run-wise
0.25	0	CVCR	0.8	Run-wise
0.55	0	Baseline	0.8	Run-wise
0.775	0	No control	0.8	Trial-wise
0.5625	0	CVCR	0.8	Trial-wise
0.4875	0	Baseline	0.8	Trial-wise
0.85	0	No control	0.8	Run-wise
0.3	0	CVCR	0.8	Run-wise
0.65	0	Baseline	0.8	Run-wise
0.775	0	No control	0.8	Trial-wise
0.525	0	CVCR	0.8	Trial-wise
0.4125	0	Baseline	0.8	Trial-wise
0.55	0	No control	0.8	Run-wise
0.5	0	CVCR	0.8	Run-wise
0.2	0	Baseline	0.8	Run-wise
0.9625	0	No control	1.0	Trial-wise
0.4625	0	CVCR	1.0	Trial-wise
0.625	0	Baseline	1.0	Trial-wise
0.8	0	No control	1.0	Run-wise
0.45	0	CVCR	1.0	Run-wise
0.6	0	Baseline	1.0	Run-wise
0.9625	0	No control	1.0	Trial-wise
0.4	0	CVCR	1.0	Trial-wise
0.4625	0	Baseline	1.0	Trial-wise
1.0	0	No control	1.0	Run-wise
0.7	0	CVCR	1.0	Run-wise
0.25	0	Baseline	1.0	Run-wise
0.9625	0	No control	1.0	Trial-wise
0.4625	0	CVCR	1.0	Trial-wise
0.425	0	Baseline	1.0	Trial-wise
1.0	0	No control	1.0	Run-wise
0.45	0	CVCR	1.0	Run-wise
0.5	0	Baseline	1.0	Run-wise
0.9625	0	No control	1.0	Trial-wise
0.475	0	CVCR	1.0	Trial-wise
0.4875	0	Baseline	1.0	Trial-wise
1.0	0	No control	1.0	Run-wise
0.55	0	CVCR	1.0	Run-wise
0.7	0	Baseline	1.0	Run-wise
0.975	0	No control	1.0	Trial-wise
0.45	0	CVCR	1.0	Trial-wise
0.4375	0	Baseline	1.0	Trial-wise
1.0	0	No control	1.0	Run-wise
0.55	0	CVCR	1.0	Run-wise
0.6	0	Baseline	1.0	Run-wise
0.975	0	No control	1.0	Trial-wise
0.5125	0	CVCR	1.0	Trial-wise
0.5	0	Baseline	1.0	Trial-wise
1.0	0	No control	1.0	Run-wise
0.5	0	CVCR	1.0	Run-wise
0.4	0	Baseline	1.0	Run-wise
0.95	0	No control	1.0	Trial-wise
0.4875	0	CVCR	1.0	Trial-wise
0.55	0	Baseline	1.0	Trial-wise
0.95	0	No control	1.0	Run-wise
0.4	0	CVCR	1.0	Run-wise
0.45	0	Baseline	1.0	Run-wise
0.9375	0	No control	1.0	Trial-wise
0.5375	0	CVCR	1.0	Trial-wise
0.4375	0	Baseline	1.0	Trial-wise
1.0	0	No control	1.0	Run-wise
0.5	0	CVCR	1.0	Run-wise
0.4	0	Baseline	1.0	Run-wise
0.95	0	No control	1.0	Trial-wise
0.525	0	CVCR	1.0	Trial-wise
0.65	0	Baseline	1.0	Trial-wise
1.0	0	No control	1.0	Run-wise
0.5	0	CVCR	1.0	Run-wise
0.5	0	Baseline	1.0	Run-wise
0.9875	0	No control	1.0	Trial-wise
0.5	0	CVCR	1.0	Trial-wise
0.4375	0	Baseline	1.0	Trial-wise
1.0	0	No control	1.0	Run-wise
0.55	0	CVCR	1.0	Run-wise
0.7	0	Baseline	1.0	Run-wise
0.65	1	No control	0.0	Trial-wise
0.6875	1	CVCR	0.0	Trial-wise
0.55	1	Baseline	0.0	Trial-wise
0.55	1	No control	0.0	Run-wise
0.7	1	CVCR	0.0	Run-wise
0.65	1	Baseline	0.0	Run-wise
0.425	1	No control	0.0	Trial-wise
0.45	1	CVCR	0.0	Trial-wise
0.5375	1	Baseline	0.0	Trial-wise
0.5	1	No control	0.0	Run-wise
0.45	1	CVCR	0.0	Run-wise
0.75	1	Baseline	0.0	Run-wise
0.525	1	No control	0.0	Trial-wise
0.5625	1	CVCR	0.0	Trial-wise
0.4125	1	Baseline	0.0	Trial-wise
0.55	1	No control	0.0	Run-wise
0.5	1	CVCR	0.0	Run-wise
0.6	1	Baseline	0.0	Run-wise
0.475	1	No control	0.0	Trial-wise
0.575	1	CVCR	0.0	Trial-wise
0.4125	1	Baseline	0.0	Trial-wise
0.65	1	No control	0.0	Run-wise
0.65	1	CVCR	0.0	Run-wise
0.6	1	Baseline	0.0	Run-wise
0.2875	1	No control	0.0	Trial-wise
0.3125	1	CVCR	0.0	Trial-wise
0.6125	1	Baseline	0.0	Trial-wise
0.5	1	No control	0.0	Run-wise
0.75	1	CVCR	0.0	Run-wise
0.1	1	Baseline	0.0	Run-wise
0.55	1	No control	0.0	Trial-wise
0.5	1	CVCR	0.0	Trial-wise
0.4125	1	Baseline	0.0	Trial-wise
0.3	1	No control	0.0	Run-wise
0.4	1	CVCR	0.0	Run-wise
0.5	1	Baseline	0.0	Run-wise
0.6375	1	No control	0.0	Trial-wise
0.5875	1	CVCR	0.0	Trial-wise
0.575	1	Baseline	0.0	Trial-wise
0.4	1	No control	0.0	Run-wise
0.65	1	CVCR	0.0	Run-wise
0.55	1	Baseline	0.0	Run-wise
0.4375	1	No control	0.0	Trial-wise
0.475	1	CVCR	0.0	Trial-wise
0.55	1	Baseline	0.0	Trial-wise
0.35	1	No control	0.0	Run-wise
0.6	1	CVCR	0.0	Run-wise
0.45	1	Baseline	0.0	Run-wise
0.475	1	No control	0.0	Trial-wise
0.5	1	CVCR	0.0	Trial-wise
0.4625	1	Baseline	0.0	Trial-wise
0.25	1	No control	0.0	Run-wise
0.25	1	CVCR	0.0	Run-wise
0.75	1	Baseline	0.0	Run-wise
0.525	1	No control	0.0	Trial-wise
0.5375	1	CVCR	0.0	Trial-wise
0.5	1	Baseline	0.0	Trial-wise
0.35	1	No control	0.0	Run-wise
0.35	1	CVCR	0.0	Run-wise
0.55	1	Baseline	0.0	Run-wise
0.575	1	No control	0.2	Trial-wise
0.5875	1	CVCR	0.2	Trial-wise
0.4	1	Baseline	0.2	Trial-wise
0.35	1	No control	0.2	Run-wise
0.35	1	CVCR	0.2	Run-wise
0.7	1	Baseline	0.2	Run-wise
0.5	1	No control	0.2	Trial-wise
0.475	1	CVCR	0.2	Trial-wise
0.5125	1	Baseline	0.2	Trial-wise
0.4	1	No control	0.2	Run-wise
0.25	1	CVCR	0.2	Run-wise
0.6	1	Baseline	0.2	Run-wise
0.575	1	No control	0.2	Trial-wise
0.575	1	CVCR	0.2	Trial-wise
0.45	1	Baseline	0.2	Trial-wise
0.55	1	No control	0.2	Run-wise
0.45	1	CVCR	0.2	Run-wise
0.4	1	Baseline	0.2	Run-wise
0.4125	1	No control	0.2	Trial-wise
0.5125	1	CVCR	0.2	Trial-wise
0.4875	1	Baseline	0.2	Trial-wise
0.6	1	No control	0.2	Run-wise
0.55	1	CVCR	0.2	Run-wise
0.4	1	Baseline	0.2	Run-wise
0.575	1	No control	0.2	Trial-wise
0.475	1	CVCR	0.2	Trial-wise
0.45	1	Baseline	0.2	Trial-wise
0.35	1	No control	0.2	Run-wise
0.5	1	CVCR	0.2	Run-wise
0.45	1	Baseline	0.2	Run-wise
0.65	1	No control	0.2	Trial-wise
0.625	1	CVCR	0.2	Trial-wise
0.5	1	Baseline	0.2	Trial-wise
0.55	1	No control	0.2	Run-wise
0.45	1	CVCR	0.2	Run-wise
0.8	1	Baseline	0.2	Run-wise
0.5375	1	No control	0.2	Trial-wise
0.4	1	CVCR	0.2	Trial-wise
0.5375	1	Baseline	0.2	Trial-wise
0.7	1	No control	0.2	Run-wise
0.45	1	CVCR	0.2	Run-wise
0.55	1	Baseline	0.2	Run-wise
0.4875	1	No control	0.2	Trial-wise
0.45	1	CVCR	0.2	Trial-wise
0.5625	1	Baseline	0.2	Trial-wise
0.35	1	No control	0.2	Run-wise
0.25	1	CVCR	0.2	Run-wise
0.45	1	Baseline	0.2	Run-wise
0.5	1	No control	0.2	Trial-wise
0.3	1	CVCR	0.2	Trial-wise
0.475	1	Baseline	0.2	Trial-wise
0.5	1	No control	0.2	Run-wise
0.45	1	CVCR	0.2	Run-wise
0.4	1	Baseline	0.2	Run-wise
0.5	1	No control	0.2	Trial-wise
0.375	1	CVCR	0.2	Trial-wise
0.575	1	Baseline	0.2	Trial-wise
0.2	1	No control	0.2	Run-wise
0.25	1	CVCR	0.2	Run-wise
0.35	1	Baseline	0.2	Run-wise
0.55	1	No control	0.5	Trial-wise
0.5625	1	CVCR	0.5	Trial-wise
0.4625	1	Baseline	0.5	Trial-wise
0.9	1	No control	0.5	Run-wise
0.85	1	CVCR	0.5	Run-wise
0.55	1	Baseline	0.5	Run-wise
0.6625	1	No control	0.5	Trial-wise
0.425	1	CVCR	0.5	Trial-wise
0.4375	1	Baseline	0.5	Trial-wise
0.7	1	No control	0.5	Run-wise
0.8	1	CVCR	0.5	Run-wise
0.45	1	Baseline	0.5	Run-wise
0.6875	1	No control	0.5	Trial-wise
0.5375	1	CVCR	0.5	Trial-wise
0.45	1	Baseline	0.5	Trial-wise
0.5	1	No control	0.5	Run-wise
0.3	1	CVCR	0.5	Run-wise
0.4	1	Baseline	0.5	Run-wise
0.7	1	No control	0.5	Trial-wise
0.5125	1	CVCR	0.5	Trial-wise
0.45	1	Baseline	0.5	Trial-wise
0.7	1	No control	0.5	Run-wise
0.4	1	CVCR	0.5	Run-wise
0.6	1	Baseline	0.5	Run-wise
0.6125	1	No control	0.5	Trial-wise
0.5375	1	CVCR	0.5	Trial-wise
0.425	1	Baseline	0.5	Trial-wise
0.65	1	No control	0.5	Run-wise
0.5	1	CVCR	0.5	Run-wise
0.35	1	Baseline	0.5	Run-wise
0.6375	1	No control	0.5	Trial-wise
0.4	1	CVCR	0.5	Trial-wise
0.5	1	Baseline	0.5	Trial-wise
0.55	1	No control	0.5	Run-wise
0.35	1	CVCR	0.5	Run-wise
0.55	1	Baseline	0.5	Run-wise
0.5625	1	No control	0.5	Trial-wise
0.4625	1	CVCR	0.5	Trial-wise
0.3375	1	Baseline	0.5	Trial-wise
0.7	1	No control	0.5	Run-wise
0.5	1	CVCR	0.5	Run-wise
0.4	1	Baseline	0.5	Run-wise
0.5875	1	No control	0.5	Trial-wise
0.4375	1	CVCR	0.5	Trial-wise
0.5625	1	Baseline	0.5	Trial-wise
0.65	1	No control	0.5	Run-wise
0.35	1	CVCR	0.5	Run-wise
0.6	1	Baseline	0.5	Run-wise
0.525	1	No control	0.5	Trial-wise
0.5875	1	CVCR	0.5	Trial-wise
0.4375	1	Baseline	0.5	Trial-wise
0.8	1	No control	0.5	Run-wise
0.55	1	CVCR	0.5	Run-wise
0.7	1	Baseline	0.5	Run-wise
0.65	1	No control	0.5	Trial-wise
0.5375	1	CVCR	0.5	Trial-wise
0.5375	1	Baseline	0.5	Trial-wise
0.45	1	No control	0.5	Run-wise
0.4	1	CVCR	0.5	Run-wise
0.3	1	Baseline	0.5	Run-wise
0.6625	1	No control	0.8	Trial-wise
0.5875	1	CVCR	0.8	Trial-wise
0.5625	1	Baseline	0.8	Trial-wise
1.0	1	No control	0.8	Run-wise
0.8	1	CVCR	0.8	Run-wise
0.6	1	Baseline	0.8	Run-wise
0.65	1	No control	0.8	Trial-wise
0.525	1	CVCR	0.8	Trial-wise
0.6	1	Baseline	0.8	Trial-wise
0.75	1	No control	0.8	Run-wise
0.65	1	CVCR	0.8	Run-wise
0.35	1	Baseline	0.8	Run-wise
0.6625	1	No control	0.8	Trial-wise
0.5625	1	CVCR	0.8	Trial-wise
0.525	1	Baseline	0.8	Trial-wise
0.8	1	No control	0.8	Run-wise
0.65	1	CVCR	0.8	Run-wise
0.5	1	Baseline	0.8	Run-wise
0.8	1	No control	0.8	Trial-wise
0.4875	1	CVCR	0.8	Trial-wise
0.6	1	Baseline	0.8	Trial-wise
1.0	1	No control	0.8	Run-wise
0.7	1	CVCR	0.8	Run-wise
0.4	1	Baseline	0.8	Run-wise
0.725	1	No control	0.8	Trial-wise
0.4	1	CVCR	0.8	Trial-wise
0.5625	1	Baseline	0.8	Trial-wise
0.65	1	No control	0.8	Run-wise
0.45	1	CVCR	0.8	Run-wise
0.55	1	Baseline	0.8	Run-wise
0.65	1	No control	0.8	Trial-wise
0.5	1	CVCR	0.8	Trial-wise
0.4625	1	Baseline	0.8	Trial-wise
0.95	1	No control	0.8	Run-wise
0.5	1	CVCR	0.8	Run-wise
0.6	1	Baseline	0.8	Run-wise
0.7	1	No control	0.8	Trial-wise
0.5125	1	CVCR	0.8	Trial-wise
0.5625	1	Baseline	0.8	Trial-wise
1.0	1	No control	0.8	Run-wise
0.65	1	CVCR	0.8	Run-wise
0.65	1	Baseline	0.8	Run-wise
0.65	1	No control	0.8	Trial-wise
0.475	1	CVCR	0.8	Trial-wise
0.5875	1	Baseline	0.8	Trial-wise
0.6	1	No control	0.8	Run-wise
0.25	1	CVCR	0.8	Run-wise
0.65	1	Baseline	0.8	Run-wise
0.6375	1	No control	0.8	Trial-wise
0.525	1	CVCR	0.8	Trial-wise
0.4	1	Baseline	0.8	Trial-wise
0.95	1	No control	0.8	Run-wise
0.6	1	CVCR	0.8	Run-wise
0.4	1	Baseline	0.8	Run-wise
0.7375	1	No control	0.8	Trial-wise
0.4875	1	CVCR	0.8	Trial-wise
0.6125	1	Baseline	0.8	Trial-wise
0.7	1	No control	0.8	Run-wise
0.3	1	CVCR	0.8	Run-wise
0.65	1	Baseline	0.8	Run-wise
0.95	1	No control	1.0	Trial-wise
0.5625	1	CVCR	1.0	Trial-wise
0.5375	1	Baseline	1.0	Trial-wise
1.0	1	No control	1.0	Run-wise
0.6	1	CVCR	1.0	Run-wise
0.65	1	Baseline	1.0	Run-wise
0.9625	1	No control	1.0	Trial-wise
0.5375	1	CVCR	1.0	Trial-wise
0.4625	1	Baseline	1.0	Trial-wise
1.0	1	No control	1.0	Run-wise
0.5	1	CVCR	1.0	Run-wise
0.6	1	Baseline	1.0	Run-wise
0.95	1	No control	1.0	Trial-wise
0.4875	1	CVCR	1.0	Trial-wise
0.4125	1	Baseline	1.0	Trial-wise
1.0	1	No control	1.0	Run-wise
0.5	1	CVCR	1.0	Run-wise
0.45	1	Baseline	1.0	Run-wise
0.9375	1	No control	1.0	Trial-wise
0.575	1	CVCR	1.0	Trial-wise
0.45	1	Baseline	1.0	Trial-wise
1.0	1	No control	1.0	Run-wise
0.4	1	CVCR	1.0	Run-wise
0.5	1	Baseline	1.0	Run-wise
0.95	1	No control	1.0	Trial-wise
0.4875	1	CVCR	1.0	Trial-wise
0.5625	1	Baseline	1.0	Trial-wise
1.0	1	No control	1.0	Run-wise
0.45	1	CVCR	1.0	Run-wise
0.55	1	Baseline	1.0	Run-wise
0.95	1	No control	1.0	Trial-wise
0.6	1	CVCR	1.0	Trial-wise
0.4	1	Baseline	1.0	Trial-wise
1.0	1	No control	1.0	Run-wise
0.65	1	CVCR	1.0	Run-wise
0.4	1	Baseline	1.0	Run-wise
0.9625	1	No control	1.0	Trial-wise
0.5125	1	CVCR	1.0	Trial-wise
0.375	1	Baseline	1.0	Trial-wise
1.0	1	No control	1.0	Run-wise
0.4	1	CVCR	1.0	Run-wise
0.7	1	Baseline	1.0	Run-wise
0.975	1	No control	1.0	Trial-wise
0.5875	1	CVCR	1.0	Trial-wise
0.375	1	Baseline	1.0	Trial-wise
1.0	1	No control	1.0	Run-wise
0.65	1	CVCR	1.0	Run-wise
0.7	1	Baseline	1.0	Run-wise
0.95	1	No control	1.0	Trial-wise
0.45	1	CVCR	1.0	Trial-wise
0.5125	1	Baseline	1.0	Trial-wise
1.0	1	No control	1.0	Run-wise
0.7	1	CVCR	1.0	Run-wise
0.6	1	Baseline	1.0	Run-wise
0.9	1	No control	1.0	Trial-wise
0.5125	1	CVCR	1.0	Trial-wise
0.4625	1	Baseline	1.0	Trial-wise
1.0	1	No control	1.0	Run-wise
0.5	1	CVCR	1.0	Run-wise
0.3	1	Baseline	1.0	Run-wise
0.4	2	No control	0.0	Trial-wise
0.4375	2	CVCR	0.0	Trial-wise
0.4	2	Baseline	0.0	Trial-wise
0.35	2	No control	0.0	Run-wise
0.35	2	CVCR	0.0	Run-wise
0.35	2	Baseline	0.0	Run-wise
0.4375	2	No control	0.0	Trial-wise
0.475	2	CVCR	0.0	Trial-wise
0.3875	2	Baseline	0.0	Trial-wise
0.85	2	No control	0.0	Run-wise
0.95	2	CVCR	0.0	Run-wise
0.55	2	Baseline	0.0	Run-wise
0.5	2	No control	0.0	Trial-wise
0.5	2	CVCR	0.0	Trial-wise
0.425	2	Baseline	0.0	Trial-wise
0.25	2	No control	0.0	Run-wise
0.3	2	CVCR	0.0	Run-wise
0.45	2	Baseline	0.0	Run-wise
0.5125	2	No control	0.0	Trial-wise
0.55	2	CVCR	0.0	Trial-wise
0.5625	2	Baseline	0.0	Trial-wise
0.85	2	No control	0.0	Run-wise
0.85	2	CVCR	0.0	Run-wise
0.9	2	Baseline	0.0	Run-wise
0.475	2	No control	0.0	Trial-wise
0.5	2	CVCR	0.0	Trial-wise
0.4625	2	Baseline	0.0	Trial-wise
0.45	2	No control	0.0	Run-wise
0.5	2	CVCR	0.0	Run-wise
0.65	2	Baseline	0.0	Run-wise
0.475	2	No control	0.0	Trial-wise
0.5	2	CVCR	0.0	Trial-wise
0.45	2	Baseline	0.0	Trial-wise
0.45	2	No control	0.0	Run-wise
0.5	2	CVCR	0.0	Run-wise
0.4	2	Baseline	0.0	Run-wise
0.5875	2	No control	0.0	Trial-wise
0.5625	2	CVCR	0.0	Trial-wise
0.4	2	Baseline	0.0	Trial-wise
0.4	2	No control	0.0	Run-wise
0.45	2	CVCR	0.0	Run-wise
0.55	2	Baseline	0.0	Run-wise
0.525	2	No control	0.0	Trial-wise
0.4875	2	CVCR	0.0	Trial-wise
0.375	2	Baseline	0.0	Trial-wise
0.5	2	No control	0.0	Run-wise
0.5	2	CVCR	0.0	Run-wise
0.45	2	Baseline	0.0	Run-wise
0.4375	2	No control	0.0	Trial-wise
0.4625	2	CVCR	0.0	Trial-wise
0.475	2	Baseline	0.0	Trial-wise
0.3	2	No control	0.0	Run-wise
0.45	2	CVCR	0.0	Run-wise
0.55	2	Baseline	0.0	Run-wise
0.4	2	No control	0.0	Trial-wise
0.425	2	CVCR	0.0	Trial-wise
0.6625	2	Baseline	0.0	Trial-wise
0.45	2	No control	0.0	Run-wise
0.45	2	CVCR	0.0	Run-wise
0.4	2	Baseline	0.0	Run-wise
0.475	2	No control	0.2	Trial-wise
0.4625	2	CVCR	0.2	Trial-wise
0.35	2	Baseline	0.2	Trial-wise
0.45	2	No control	0.2	Run-wise
0.7	2	CVCR	0.2	Run-wise
0.6	2	Baseline	0.2	Run-wise
0.375	2	No control	0.2	Trial-wise
0.3	2	CVCR	0.2	Trial-wise
0.3875	2	Baseline	0.2	Trial-wise
0.8	2	No control	0.2	Run-wise
0.55	2	CVCR	0.2	Run-wise
0.45	2	Baseline	0.2	Run-wise
0.35	2	No control	0.2	Trial-wise
0.45	2	CVCR	0.2	Trial-wise
0.3875	2	Baseline	0.2	Trial-wise
0.45	2	No control	0.2	Run-wise
0.35	2	CVCR	0.2	Run-wise
0.4	2	Baseline	0.2	Run-wise
0.475	2	No control	0.2	Trial-wise
0.525	2	CVCR	0.2	Trial-wise
0.4	2	Baseline	0.2	Trial-wise
0.1	2	No control	0.2	Run-wise
0.2	2	CVCR	0.2	Run-wise
0.45	2	Baseline	0.2	Run-wise
0.525	2	No control	0.2	Trial-wise
0.425	2	CVCR	0.2	Trial-wise
0.4375	2	Baseline	0.2	Trial-wise
0.55	2	No control	0.2	Run-wise
0.7	2	CVCR	0.2	Run-wise
0.5	2	Baseline	0.2	Run-wise
0.3375	2	No control	0.2	Trial-wise
0.35	2	CVCR	0.2	Trial-wise
0.475	2	Baseline	0.2	Trial-wise
0.7	2	No control	0.2	Run-wise
0.5	2	CVCR	0.2	Run-wise
0.45	2	Baseline	0.2	Run-wise
0.3625	2	No control	0.2	Trial-wise
0.375	2	CVCR	0.2	Trial-wise
0.5125	2	Baseline	0.2	Trial-wise
0.3	2	No control	0.2	Run-wise
0.25	2	CVCR	0.2	Run-wise
0.35	2	Baseline	0.2	Run-wise
0.45	2	No control	0.2	Trial-wise
0.4375	2	CVCR	0.2	Trial-wise
0.475	2	Baseline	0.2	Trial-wise
0.25	2	No control	0.2	Run-wise
0.25	2	CVCR	0.2	Run-wise
0.35	2	Baseline	0.2	Run-wise
0.525	2	No control	0.2	Trial-wise
0.5125	2	CVCR	0.2	Trial-wise
0.3625	2	Baseline	0.2	Trial-wise
0.8	2	No control	0.2	Run-wise
0.6	2	CVCR	0.2	Run-wise
0.3	2	Baseline	0.2	Run-wise
0.475	2	No control	0.2	Trial-wise
0.4375	2	CVCR	0.2	Trial-wise
0.575	2	Baseline	0.2	Trial-wise
0.55	2	No control	0.2	Run-wise
0.5	2	CVCR	0.2	Run-wise
0.65	2	Baseline	0.2	Run-wise
0.5625	2	No control	0.5	Trial-wise
0.525	2	CVCR	0.5	Trial-wise
0.5875	2	Baseline	0.5	Trial-wise
0.55	2	No control	0.5	Run-wise
0.55	2	CVCR	0.5	Run-wise
0.4	2	Baseline	0.5	Run-wise
0.625	2	No control	0.5	Trial-wise
0.525	2	CVCR	0.5	Trial-wise
0.55	2	Baseline	0.5	Trial-wise
0.75	2	No control	0.5	Run-wise
0.6	2	CVCR	0.5	Run-wise
0.75	2	Baseline	0.5	Run-wise
0.4875	2	No control	0.5	Trial-wise
0.3625	2	CVCR	0.5	Trial-wise
0.5	2	Baseline	0.5	Trial-wise
0.5	2	No control	0.5	Run-wise
0.3	2	CVCR	0.5	Run-wise
0.75	2	Baseline	0.5	Run-wise
0.5625	2	No control	0.5	Trial-wise
0.4625	2	CVCR	0.5	Trial-wise
0.4625	2	Baseline	0.5	Trial-wise
0.55	2	No control	0.5	Run-wise
0.35	2	CVCR	0.5	Run-wise
0.35	2	Baseline	0.5	Run-wise
0.6625	2	No control	0.5	Trial-wise
0.4875	2	CVCR	0.5	Trial-wise
0.35	2	Baseline	0.5	Trial-wise
0.85	2	No control	0.5	Run-wise
0.55	2	CVCR	0.5	Run-wise
0.6	2	Baseline	0.5	Run-wise
0.5875	2	No control	0.5	Trial-wise
0.35	2	CVCR	0.5	Trial-wise
0.5125	2	Baseline	0.5	Trial-wise
0.7	2	No control	0.5	Run-wise
0.5	2	CVCR	0.5	Run-wise
0.35	2	Baseline	0.5	Run-wise
0.6	2	No control	0.5	Trial-wise
0.5625	2	CVCR	0.5	Trial-wise
0.475	2	Baseline	0.5	Trial-wise
0.55	2	No control	0.5	Run-wise
0.25	2	CVCR	0.5	Run-wise
0.65	2	Baseline	0.5	Run-wise
0.4875	2	No control	0.5	Trial-wise
0.375	2	CVCR	0.5	Trial-wise
0.4875	2	Baseline	0.5	Trial-wise
0.2	2	No control	0.5	Run-wise
0.3	2	CVCR	0.5	Run-wise
0.4	2	Baseline	0.5	Run-wise
0.3625	2	No control	0.5	Trial-wise
0.425	2	CVCR	0.5	Trial-wise
0.4	2	Baseline	0.5	Trial-wise
0.9	2	No control	0.5	Run-wise
0.7	2	CVCR	0.5	Run-wise
0.5	2	Baseline	0.5	Run-wise
0.5	2	No control	0.5	Trial-wise
0.55	2	CVCR	0.5	Trial-wise
0.5	2	Baseline	0.5	Trial-wise
0.7	2	No control	0.5	Run-wise
0.55	2	CVCR	0.5	Run-wise
0.3	2	Baseline	0.5	Run-wise
0.6875	2	No control	0.8	Trial-wise
0.475	2	CVCR	0.8	Trial-wise
0.5625	2	Baseline	0.8	Trial-wise
0.7	2	No control	0.8	Run-wise
0.4	2	CVCR	0.8	Run-wise
0.2	2	Baseline	0.8	Run-wise
0.6875	2	No control	0.8	Trial-wise
0.55	2	CVCR	0.8	Trial-wise
0.3375	2	Baseline	0.8	Trial-wise
1.0	2	No control	0.8	Run-wise
0.7	2	CVCR	0.8	Run-wise
0.55	2	Baseline	0.8	Run-wise
0.7	2	No control	0.8	Trial-wise
0.4625	2	CVCR	0.8	Trial-wise
0.3625	2	Baseline	0.8	Trial-wise
0.8	2	No control	0.8	Run-wise
0.6	2	CVCR	0.8	Run-wise
0.75	2	Baseline	0.8	Run-wise
0.6625	2	No control	0.8	Trial-wise
0.4375	2	CVCR	0.8	Trial-wise
0.425	2	Baseline	0.8	Trial-wise
0.85	2	No control	0.8	Run-wise
0.55	2	CVCR	0.8	Run-wise
0.7	2	Baseline	0.8	Run-wise
0.6375	2	No control	0.8	Trial-wise
0.4375	2	CVCR	0.8	Trial-wise
0.525	2	Baseline	0.8	Trial-wise
0.95	2	No control	0.8	Run-wise
0.7	2	CVCR	0.8	Run-wise
0.35	2	Baseline	0.8	Run-wise
0.525	2	No control	0.8	Trial-wise
0.425	2	CVCR	0.8	Trial-wise
0.3875	2	Baseline	0.8	Trial-wise
0.85	2	No control	0.8	Run-wise
0.55	2	CVCR	0.8	Run-wise
0.55	2	Baseline	0.8	Run-wise
0.6	2	No control	0.8	Trial-wise
0.4875	2	CVCR	0.8	Trial-wise
0.3125	2	Baseline	0.8	Trial-wise
0.85	2	No control	0.8	Run-wise
0.6	2	CVCR	0.8	Run-wise
0.45	2	Baseline	0.8	Run-wise
0.5875	2	No control	0.8	Trial-wise
0.4875	2	CVCR	0.8	Trial-wise
0.4875	2	Baseline	0.8	Trial-wise
0.65	2	No control	0.8	Run-wise
0.4	2	CVCR	0.8	Run-wise
0.45	2	Baseline	0.8	Run-wise
0.6875	2	No control	0.8	Trial-wise
0.3875	2	CVCR	0.8	Trial-wise
0.4	2	Baseline	0.8	Trial-wise
0.95	2	No control	0.8	Run-wise
0.7	2	CVCR	0.8	Run-wise
0.35	2	Baseline	0.8	Run-wise
0.625	2	No control	0.8	Trial-wise
0.4875	2	CVCR	0.8	Trial-wise
0.45	2	Baseline	0.8	Trial-wise
0.8	2	No control	0.8	Run-wise
0.4	2	CVCR	0.8	Run-wise
0.45	2	Baseline	0.8	Run-wise
0.85	2	No control	1.0	Trial-wise
0.5875	2	CVCR	1.0	Trial-wise
0.4	2	Baseline	1.0	Trial-wise
0.9	2	No control	1.0	Run-wise
0.5	2	CVCR	1.0	Run-wise
0.5	2	Baseline	1.0	Run-wise
0.8375	2	No control	1.0	Trial-wise
0.5	2	CVCR	1.0	Trial-wise
0.3	2	Baseline	1.0	Trial-wise
1.0	2	No control	1.0	Run-wise
0.55	2	CVCR	1.0	Run-wise
0.6	2	Baseline	1.0	Run-wise
0.85	2	No control	1.0	Trial-wise
0.5125	2	CVCR	1.0	Trial-wise
0.4125	2	Baseline	1.0	Trial-wise
1.0	2	No control	1.0	Run-wise
0.4	2	CVCR	1.0	Run-wise
0.5	2	Baseline	1.0	Run-wise
0.8875	2	No control	1.0	Trial-wise
0.425	2	CVCR	1.0	Trial-wise
0.5625	2	Baseline	1.0	Trial-wise
1.0	2	No control	1.0	Run-wise
0.4	2	CVCR	1.0	Run-wise
0.35	2	Baseline	1.0	Run-wise
0.8625	2	No control	1.0	Trial-wise
0.475	2	CVCR	1.0	Trial-wise
0.45	2	Baseline	1.0	Trial-wise
0.95	2	No control	1.0	Run-wise
0.5	2	CVCR	1.0	Run-wise
0.6	2	Baseline	1.0	Run-wise
0.8375	2	No control	1.0	Trial-wise
0.525	2	CVCR	1.0	Trial-wise
0.4625	2	Baseline	1.0	Trial-wise
1.0	2	No control	1.0	Run-wise
0.45	2	CVCR	1.0	Run-wise
0.45	2	Baseline	1.0	Run-wise
0.8375	2	No control	1.0	Trial-wise
0.475	2	CVCR	1.0	Trial-wise
0.45	2	Baseline	1.0	Trial-wise
1.0	2	No control	1.0	Run-wise
0.5	2	CVCR	1.0	Run-wise
0.55	2	Baseline	1.0	Run-wise
0.8375	2	No control	1.0	Trial-wise
0.4	2	CVCR	1.0	Trial-wise
0.3875	2	Baseline	1.0	Trial-wise
1.0	2	No control	1.0	Run-wise
0.4	2	CVCR	1.0	Run-wise
0.35	2	Baseline	1.0	Run-wise
0.9125	2	No control	1.0	Trial-wise
0.5	2	CVCR	1.0	Trial-wise
0.3125	2	Baseline	1.0	Trial-wise
1.0	2	No control	1.0	Run-wise
0.55	2	CVCR	1.0	Run-wise
0.55	2	Baseline	1.0	Run-wise
0.7375	2	No control	1.0	Trial-wise
0.5	2	CVCR	1.0	Trial-wise
0.475	2	Baseline	1.0	Trial-wise
1.0	2	No control	1.0	Run-wise
0.45	2	CVCR	1.0	Run-wise
0.45	2	Baseline	1.0	Run-wise
0.375	3	No control	0.0	Trial-wise
0.375	3	CVCR	0.0	Trial-wise
0.45	3	Baseline	0.0	Trial-wise
0.55	3	No control	0.0	Run-wise
0.6	3	CVCR	0.0	Run-wise
0.3	3	Baseline	0.0	Run-wise
0.525	3	No control	0.0	Trial-wise
0.5	3	CVCR	0.0	Trial-wise
0.5625	3	Baseline	0.0	Trial-wise
0.65	3	No control	0.0	Run-wise
0.65	3	CVCR	0.0	Run-wise
0.3	3	Baseline	0.0	Run-wise
0.4	3	No control	0.0	Trial-wise
0.3625	3	CVCR	0.0	Trial-wise
0.4375	3	Baseline	0.0	Trial-wise
0.8	3	No control	0.0	Run-wise
0.7	3	CVCR	0.0	Run-wise
0.2	3	Baseline	0.0	Run-wise
0.4	3	No control	0.0	Trial-wise
0.4	3	CVCR	0.0	Trial-wise
0.6125	3	Baseline	0.0	Trial-wise
0.2	3	No control	0.0	Run-wise
0.25	3	CVCR	0.0	Run-wise
0.45	3	Baseline	0.0	Run-wise
0.55	3	No control	0.0	Trial-wise
0.5375	3	CVCR	0.0	Trial-wise
0.475	3	Baseline	0.0	Trial-wise
0.5	3	No control	0.0	Run-wise
0.35	3	CVCR	0.0	Run-wise
0.7	3	Baseline	0.0	Run-wise
0.4375	3	No control	0.0	Trial-wise
0.5	3	CVCR	0.0	Trial-wise
0.35	3	Baseline	0.0	Trial-wise
0.8	3	No control	0.0	Run-wise
0.8	3	CVCR	0.0	Run-wise
0.45	3	Baseline	0.0	Run-wise
0.3	3	No control	0.0	Trial-wise
0.3625	3	CVCR	0.0	Trial-wise
0.5375	3	Baseline	0.0	Trial-wise
0.35	3	No control	0.0	Run-wise
0.4	3	CVCR	0.0	Run-wise
0.55	3	Baseline	0.0	Run-wise
0.325	3	No control	0.0	Trial-wise
0.3375	3	CVCR	0.0	Trial-wise
0.4125	3	Baseline	0.0	Trial-wise
0.15	3	No control	0.0	Run-wise
0.2	3	CVCR	0.0	Run-wise
0.65	3	Baseline	0.0	Run-wise
0.4375	3	No control	0.0	Trial-wise
0.4375	3	CVCR	0.0	Trial-wise
0.575	3	Baseline	0.0	Trial-wise
0.4	3	No control	0.0	Run-wise
0.4	3	CVCR	0.0	Run-wise
0.6	3	Baseline	0.0	Run-wise
0.3375	3	No control	0.0	Trial-wise
0.2625	3	CVCR	0.0	Trial-wise
0.475	3	Baseline	0.0	Trial-wise
0.45	3	No control	0.0	Run-wise
0.45	3	CVCR	0.0	Run-wise
0.6	3	Baseline	0.0	Run-wise
0.525	3	No control	0.2	Trial-wise
0.475	3	CVCR	0.2	Trial-wise
0.5625	3	Baseline	0.2	Trial-wise
0.65	3	No control	0.2	Run-wise
0.7	3	CVCR	0.2	Run-wise
0.55	3	Baseline	0.2	Run-wise
0.4625	3	No control	0.2	Trial-wise
0.4	3	CVCR	0.2	Trial-wise
0.525	3	Baseline	0.2	Trial-wise
0.75	3	No control	0.2	Run-wise
0.7	3	CVCR	0.2	Run-wise
0.4	3	Baseline	0.2	Run-wise
0.5	3	No control	0.2	Trial-wise
0.3625	3	CVCR	0.2	Trial-wise
0.4875	3	Baseline	0.2	Trial-wise
0.5	3	No control	0.2	Run-wise
0.7	3	CVCR	0.2	Run-wise
0.3	3	Baseline	0.2	Run-wise
0.35	3	No control	0.2	Trial-wise
0.2375	3	CVCR	0.2	Trial-wise
0.5875	3	Baseline	0.2	Trial-wise
0.35	3	No control	0.2	Run-wise
0.6	3	CVCR	0.2	Run-wise
0.2	3	Baseline	0.2	Run-wise
0.5625	3	No control	0.2	Trial-wise
0.55	3	CVCR	0.2	Trial-wise
0.4	3	Baseline	0.2	Trial-wise
0.55	3	No control	0.2	Run-wise
0.6	3	CVCR	0.2	Run-wise
0.7	3	Baseline	0.2	Run-wise
0.425	3	No control	0.2	Trial-wise
0.35	3	CVCR	0.2	Trial-wise
0.45	3	Baseline	0.2	Trial-wise
0.65	3	No control	0.2	Run-wise
0.55	3	CVCR	0.2	Run-wise
0.55	3	Baseline	0.2	Run-wise
0.5375	3	No control	0.2	Trial-wise
0.55	3	CVCR	0.2	Trial-wise
0.275	3	Baseline	0.2	Trial-wise
0.5	3	No control	0.2	Run-wise
0.5	3	CVCR	0.2	Run-wise
0.55	3	Baseline	0.2	Run-wise
0.4625	3	No control	0.2	Trial-wise
0.4125	3	CVCR	0.2	Trial-wise
0.475	3	Baseline	0.2	Trial-wise
0.55	3	No control	0.2	Run-wise
0.5	3	CVCR	0.2	Run-wise
0.2	3	Baseline	0.2	Run-wise
0.4	3	No control	0.2	Trial-wise
0.2625	3	CVCR	0.2	Trial-wise
0.5375	3	Baseline	0.2	Trial-wise
0.25	3	No control	0.2	Run-wise
0.1	3	CVCR	0.2	Run-wise
0.4	3	Baseline	0.2	Run-wise
0.35	3	No control	0.2	Trial-wise
0.4125	3	CVCR	0.2	Trial-wise
0.45	3	Baseline	0.2	Trial-wise
0.4	3	No control	0.2	Run-wise
0.4	3	CVCR	0.2	Run-wise
0.5	3	Baseline	0.2	Run-wise
0.5125	3	No control	0.5	Trial-wise
0.525	3	CVCR	0.5	Trial-wise
0.425	3	Baseline	0.5	Trial-wise
0.75	3	No control	0.5	Run-wise
0.6	3	CVCR	0.5	Run-wise
0.4	3	Baseline	0.5	Run-wise
0.525	3	No control	0.5	Trial-wise
0.5625	3	CVCR	0.5	Trial-wise
0.2875	3	Baseline	0.5	Trial-wise
0.55	3	No control	0.5	Run-wise
0.45	3	CVCR	0.5	Run-wise
0.7	3	Baseline	0.5	Run-wise
0.4875	3	No control	0.5	Trial-wise
0.5	3	CVCR	0.5	Trial-wise
0.5	3	Baseline	0.5	Trial-wise
0.7	3	No control	0.5	Run-wise
0.75	3	CVCR	0.5	Run-wise
0.6	3	Baseline	0.5	Run-wise
0.575	3	No control	0.5	Trial-wise
0.525	3	CVCR	0.5	Trial-wise
0.525	3	Baseline	0.5	Trial-wise
0.55	3	No control	0.5	Run-wise
0.3	3	CVCR	0.5	Run-wise
0.4	3	Baseline	0.5	Run-wise
0.45	3	No control	0.5	Trial-wise
0.5125	3	CVCR	0.5	Trial-wise
0.2	3	Baseline	0.5	Trial-wise
0.85	3	No control	0.5	Run-wise
0.8	3	CVCR	0.5	Run-wise
0.6	3	Baseline	0.5	Run-wise
0.45	3	No control	0.5	Trial-wise
0.45	3	CVCR	0.5	Trial-wise
0.4	3	Baseline	0.5	Trial-wise
0.9	3	No control	0.5	Run-wise
0.7	3	CVCR	0.5	Run-wise
0.55	3	Baseline	0.5	Run-wise
0.525	3	No control	0.5	Trial-wise
0.4625	3	CVCR	0.5	Trial-wise
0.3375	3	Baseline	0.5	Trial-wise
0.7	3	No control	0.5	Run-wise
0.45	3	CVCR	0.5	Run-wise
0.45	3	Baseline	0.5	Run-wise
0.525	3	No control	0.5	Trial-wise
0.5375	3	CVCR	0.5	Trial-wise
0.3875	3	Baseline	0.5	Trial-wise
0.55	3	No control	0.5	Run-wise
0.3	3	CVCR	0.5	Run-wise
0.15	3	Baseline	0.5	Run-wise
0.6	3	No control	0.5	Trial-wise
0.45	3	CVCR	0.5	Trial-wise
0.4625	3	Baseline	0.5	Trial-wise
0.75	3	No control	0.5	Run-wise
0.8	3	CVCR	0.5	Run-wise
0.5	3	Baseline	0.5	Run-wise
0.5375	3	No control	0.5	Trial-wise
0.5	3	CVCR	0.5	Trial-wise
0.425	3	Baseline	0.5	Trial-wise
0.5	3	No control	0.5	Run-wise
0.4	3	CVCR	0.5	Run-wise
0.65	3	Baseline	0.5	Run-wise
0.45	3	No control	0.8	Trial-wise
0.625	3	CVCR	0.8	Trial-wise
0.425	3	Baseline	0.8	Trial-wise
0.8	3	No control	0.8	Run-wise
0.6	3	CVCR	0.8	Run-wise
0.6	3	Baseline	0.8	Run-wise
0.5125	3	No control	0.8	Trial-wise
0.4625	3	CVCR	0.8	Trial-wise
0.425	3	Baseline	0.8	Trial-wise
0.75	3	No control	0.8	Run-wise
0.5	3	CVCR	0.8	Run-wise
0.75	3	Baseline	0.8	Run-wise
0.6125	3	No control	0.8	Trial-wise
0.5875	3	CVCR	0.8	Trial-wise
0.4875	3	Baseline	0.8	Trial-wise
0.85	3	No control	0.8	Run-wise
0.45	3	CVCR	0.8	Run-wise
0.15	3	Baseline	0.8	Run-wise
0.4625	3	No control	0.8	Trial-wise
0.35	3	CVCR	0.8	Trial-wise
0.35	3	Baseline	0.8	Trial-wise
0.9	3	No control	0.8	Run-wise
0.75	3	CVCR	0.8	Run-wise
0.25	3	Baseline	0.8	Run-wise
0.6875	3	No control	0.8	Trial-wise
0.4875	3	CVCR	0.8	Trial-wise
0.575	3	Baseline	0.8	Trial-wise
0.95	3	No control	0.8	Run-wise
0.55	3	CVCR	0.8	Run-wise
0.35	3	Baseline	0.8	Run-wise
0.6375	3	No control	0.8	Trial-wise
0.3625	3	CVCR	0.8	Trial-wise
0.225	3	Baseline	0.8	Trial-wise
0.8	3	No control	0.8	Run-wise
0.6	3	CVCR	0.8	Run-wise
0.5	3	Baseline	0.8	Run-wise
0.5625	3	No control	0.8	Trial-wise
0.3	3	CVCR	0.8	Trial-wise
0.55	3	Baseline	0.8	Trial-wise
1.0	3	No control	0.8	Run-wise
0.55	3	CVCR	0.8	Run-wise
0.25	3	Baseline	0.8	Run-wise
0.625	3	No control	0.8	Trial-wise
0.425	3	CVCR	0.8	Trial-wise
0.35	3	Baseline	0.8	Trial-wise
0.65	3	No control	0.8	Run-wise
0.3	3	CVCR	0.8	Run-wise
0.45	3	Baseline	0.8	Run-wise
0.5625	3	No control	0.8	Trial-wise
0.4625	3	CVCR	0.8	Trial-wise
0.6625	3	Baseline	0.8	Trial-wise
0.85	3	No control	0.8	Run-wise
0.3	3	CVCR	0.8	Run-wise
0.15	3	Baseline	0.8	Run-wise
0.4625	3	No control	0.8	Trial-wise
0.425	3	CVCR	0.8	Trial-wise
0.425	3	Baseline	0.8	Trial-wise
1.0	3	No control	0.8	Run-wise
0.6	3	CVCR	0.8	Run-wise
0.55	3	Baseline	0.8	Run-wise
0.775	3	No control	1.0	Trial-wise
0.525	3	CVCR	1.0	Trial-wise
0.4375	3	Baseline	1.0	Trial-wise
0.95	3	No control	1.0	Run-wise
0.6	3	CVCR	1.0	Run-wise
0.4	3	Baseline	1.0	Run-wise
0.75	3	No control	1.0	Trial-wise
0.4625	3	CVCR	1.0	Trial-wise
0.4125	3	Baseline	1.0	Trial-wise
1.0	3	No control	1.0	Run-wise
0.5	3	CVCR	1.0	Run-wise
0.35	3	Baseline	1.0	Run-wise
0.75	3	No control	1.0	Trial-wise
0.475	3	CVCR	1.0	Trial-wise
0.4125	3	Baseline	1.0	Trial-wise
0.95	3	No control	1.0	Run-wise
0.55	3	CVCR	1.0	Run-wise
0.95	3	Baseline	1.0	Run-wise
0.675	3	No control	1.0	Trial-wise
0.425	3	CVCR	1.0	Trial-wise
0.3375	3	Baseline	1.0	Trial-wise
1.0	3	No control	1.0	Run-wise
0.5	3	CVCR	1.0	Run-wise
0.65	3	Baseline	1.0	Run-wise
0.775	3	No control	1.0	Trial-wise
0.5	3	CVCR	1.0	Trial-wise
0.5125	3	Baseline	1.0	Trial-wise
1.0	3	No control	1.0	Run-wise
0.55	3	CVCR	1.0	Run-wise
0.35	3	Baseline	1.0	Run-wise
0.775	3	No control	1.0	Trial-wise
0.4875	3	CVCR	1.0	Trial-wise
0.375	3	Baseline	1.0	Trial-wise
1.0	3	No control	1.0	Run-wise
0.4	3	CVCR	1.0	Run-wise
0.65	3	Baseline	1.0	Run-wise
0.8	3	No control	1.0	Trial-wise
0.4375	3	CVCR	1.0	Trial-wise
0.375	3	Baseline	1.0	Trial-wise
1.0	3	No control	1.0	Run-wise
0.65	3	CVCR	1.0	Run-wise
0.45	3	Baseline	1.0	Run-wise
0.6875	3	No control	1.0	Trial-wise
0.475	3	CVCR	1.0	Trial-wise
0.5125	3	Baseline	1.0	Trial-wise
1.0	3	No control	1.0	Run-wise
0.55	3	CVCR	1.0	Run-wise
0.55	3	Baseline	1.0	Run-wise
0.675	3	No control	1.0	Trial-wise
0.475	3	CVCR	1.0	Trial-wise
0.4125	3	Baseline	1.0	Trial-wise
1.0	3	No control	1.0	Run-wise
0.5	3	CVCR	1.0	Run-wise
0.55	3	Baseline	1.0	Run-wise
0.725	3	No control	1.0	Trial-wise
0.425	3	CVCR	1.0	Trial-wise
0.4125	3	Baseline	1.0	Trial-wise
1.0	3	No control	1.0	Run-wise
0.55	3	CVCR	1.0	Run-wise
0.55	3	Baseline	1.0	Run-wise
0.45	4	No control	0.0	Trial-wise
0.4375	4	CVCR	0.0	Trial-wise
0.375	4	Baseline	0.0	Trial-wise
0.3	4	No control	0.0	Run-wise
0.3	4	CVCR	0.0	Run-wise
0.65	4	Baseline	0.0	Run-wise
0.5	4	No control	0.0	Trial-wise
0.5	4	CVCR	0.0	Trial-wise
0.3625	4	Baseline	0.0	Trial-wise
0.4	4	No control	0.0	Run-wise
0.45	4	CVCR	0.0	Run-wise
0.2	4	Baseline	0.0	Run-wise
0.275	4	No control	0.0	Trial-wise
0.3	4	CVCR	0.0	Trial-wise
0.4	4	Baseline	0.0	Trial-wise
0.55	4	No control	0.0	Run-wise
0.55	4	CVCR	0.0	Run-wise
0.6	4	Baseline	0.0	Run-wise
0.3	4	No control	0.0	Trial-wise
0.3	4	CVCR	0.0	Trial-wise
0.3875	4	Baseline	0.0	Trial-wise
0.4	4	No control	0.0	Run-wise
0.4	4	CVCR	0.0	Run-wise
0.65	4	Baseline	0.0	Run-wise
0.525	4	No control	0.0	Trial-wise
0.475	4	CVCR	0.0	Trial-wise
0.4625	4	Baseline	0.0	Trial-wise
0.6	4	No control	0.0	Run-wise
0.55	4	CVCR	0.0	Run-wise
0.3	4	Baseline	0.0	Run-wise
0.4125	4	No control	0.0	Trial-wise
0.4375	4	CVCR	0.0	Trial-wise
0.475	4	Baseline	0.0	Trial-wise
0.5	4	No control	0.0	Run-wise
0.6	4	CVCR	0.0	Run-wise
0.7	4	Baseline	0.0	Run-wise
0.325	4	No control	0.0	Trial-wise
0.3875	4	CVCR	0.0	Trial-wise
0.4875	4	Baseline	0.0	Trial-wise
0.35	4	No control	0.0	Run-wise
0.4	4	CVCR	0.0	Run-wise
0.5	4	Baseline	0.0	Run-wise
0.4375	4	No control	0.0	Trial-wise
0.4	4	CVCR	0.0	Trial-wise
0.425	4	Baseline	0.0	Trial-wise
0.2	4	No control	0.0	Run-wise
0.25	4	CVCR	0.0	Run-wise
0.4	4	Baseline	0.0	Run-wise
0.3875	4	No control	0.0	Trial-wise
0.425	4	CVCR	0.0	Trial-wise
0.4875	4	Baseline	0.0	Trial-wise
0.2	4	No control	0.0	Run-wise
0.3	4	CVCR	0.0	Run-wise
0.2	4	Baseline	0.0	Run-wise
0.475	4	No control	0.0	Trial-wise
0.45	4	CVCR	0.0	Trial-wise
0.5375	4	Baseline	0.0	Trial-wise
0.6	4	No control	0.0	Run-wise
0.6	4	CVCR	0.0	Run-wise
0.65	4	Baseline	0.0	Run-wise
0.3125	4	No control	0.2	Trial-wise
0.3125	4	CVCR	0.2	Trial-wise
0.4625	4	Baseline	0.2	Trial-wise
0.7	4	No control	0.2	Run-wise
0.4	4	CVCR	0.2	Run-wise
0.6	4	Baseline	0.2	Run-wise
0.5125	4	No control	0.2	Trial-wise
0.575	4	CVCR	0.2	Trial-wise
0.5125	4	Baseline	0.2	Trial-wise
0.5	4	No control	0.2	Run-wise
0.45	4	CVCR	0.2	Run-wise
0.6	4	Baseline	0.2	Run-wise
0.375	4	No control	0.2	Trial-wise
0.375	4	CVCR	0.2	Trial-wise
0.525	4	Baseline	0.2	Trial-wise
0.4	4	No control	0.2	Run-wise
0.75	4	CVCR	0.2	Run-wise
0.5	4	Baseline	0.2	Run-wise
0.4375	4	No control	0.2	Trial-wise
0.4125	4	CVCR	0.2	Trial-wise
0.425	4	Baseline	0.2	Trial-wise
0.55	4	No control	0.2	Run-wise
0.6	4	CVCR	0.2	Run-wise
0.5	4	Baseline	0.2	Run-wise
0.575	4	No control	0.2	Trial-wise
0.4375	4	CVCR	0.2	Trial-wise
0.5125	4	Baseline	0.2	Trial-wise
0.6	4	No control	0.2	Run-wise
0.65	4	CVCR	0.2	Run-wise
0.7	4	Baseline	0.2	Run-wise
0.4	4	No control	0.2	Trial-wise
0.375	4	CVCR	0.2	Trial-wise
0.425	4	Baseline	0.2	Trial-wise
0.55	4	No control	0.2	Run-wise
0.5	4	CVCR	0.2	Run-wise
0.1	4	Baseline	0.2	Run-wise
0.5	4	No control	0.2	Trial-wise
0.5625	4	CVCR	0.2	Trial-wise
0.5125	4	Baseline	0.2	Trial-wise
0.35	4	No control	0.2	Run-wise
0.4	4	CVCR	0.2	Run-wise
0.65	4	Baseline	0.2	Run-wise
0.3375	4	No control	0.2	Trial-wise
0.375	4	CVCR	0.2	Trial-wise
0.3625	4	Baseline	0.2	Trial-wise
0.9	4	No control	0.2	Run-wise
0.75	4	CVCR	0.2	Run-wise
0.6	4	Baseline	0.2	Run-wise
0.4875	4	No control	0.2	Trial-wise
0.5375	4	CVCR	0.2	Trial-wise
0.4125	4	Baseline	0.2	Trial-wise
0.5	4	No control	0.2	Run-wise
0.45	4	CVCR	0.2	Run-wise
0.65	4	Baseline	0.2	Run-wise
0.375	4	No control	0.2	Trial-wise
0.375	4	CVCR	0.2	Trial-wise
0.5375	4	Baseline	0.2	Trial-wise
0.65	4	No control	0.2	Run-wise
0.65	4	CVCR	0.2	Run-wise
0.85	4	Baseline	0.2	Run-wise
0.6	4	No control	0.5	Trial-wise
0.4875	4	CVCR	0.5	Trial-wise
0.45	4	Baseline	0.5	Trial-wise
0.55	4	No control	0.5	Run-wise
0.4	4	CVCR	0.5	Run-wise
0.5	4	Baseline	0.5	Run-wise
0.5	4	No control	0.5	Trial-wise
0.4625	4	CVCR	0.5	Trial-wise
0.5	4	Baseline	0.5	Trial-wise
0.45	4	No control	0.5	Run-wise
0.4	4	CVCR	0.5	Run-wise
0.55	4	Baseline	0.5	Run-wise
0.45	4	No control	0.5	Trial-wise
0.3875	4	CVCR	0.5	Trial-wise
0.5	4	Baseline	0.5	Trial-wise
0.65	4	No control	0.5	Run-wise
0.75	4	CVCR	0.5	Run-wise
0.6	4	Baseline	0.5	Run-wise
0.45	4	No control	0.5	Trial-wise
0.325	4	CVCR	0.5	Trial-wise
0.375	4	Baseline	0.5	Trial-wise
0.8	4	No control	0.5	Run-wise
0.7	4	CVCR	0.5	Run-wise
0.7	4	Baseline	0.5	Run-wise
0.5375	4	No control	0.5	Trial-wise
0.4875	4	CVCR	0.5	Trial-wise
0.3125	4	Baseline	0.5	Trial-wise
0.7	4	No control	0.5	Run-wise
0.5	4	CVCR	0.5	Run-wise
0.75	4	Baseline	0.5	Run-wise
0.4625	4	No control	0.5	Trial-wise
0.4875	4	CVCR	0.5	Trial-wise
0.4375	4	Baseline	0.5	Trial-wise
0.9	4	No control	0.5	Run-wise
0.45	4	CVCR	0.5	Run-wise
0.5	4	Baseline	0.5	Run-wise
0.575	4	No control	0.5	Trial-wise
0.375	4	CVCR	0.5	Trial-wise
0.4125	4	Baseline	0.5	Trial-wise
0.75	4	No control	0.5	Run-wise
0.65	4	CVCR	0.5	Run-wise
0.3	4	Baseline	0.5	Run-wise
0.4	4	No control	0.5	Trial-wise
0.3875	4	CVCR	0.5	Trial-wise
0.25	4	Baseline	0.5	Trial-wise
0.4	4	No control	0.5	Run-wise
0.35	4	CVCR	0.5	Run-wise
0.5	4	Baseline	0.5	Run-wise
0.5375	4	No control	0.5	Trial-wise
0.4375	4	CVCR	0.5	Trial-wise
0.425	4	Baseline	0.5	Trial-wise
0.6	4	No control	0.5	Run-wise
0.3	4	CVCR	0.5	Run-wise
0.25	4	Baseline	0.5	Run-wise
0.4375	4	No control	0.5	Trial-wise
0.3875	4	CVCR	0.5	Trial-wise
0.425	4	Baseline	0.5	Trial-wise
0.55	4	No control	0.5	Run-wise
0.5	4	CVCR	0.5	Run-wise
0.4	4	Baseline	0.5	Run-wise
0.475	4	No control	0.8	Trial-wise
0.3125	4	CVCR	0.8	Trial-wise
0.6125	4	Baseline	0.8	Trial-wise
0.75	4	No control	0.8	Run-wise
0.45	4	CVCR	0.8	Run-wise
0.75	4	Baseline	0.8	Run-wise
0.5875	4	No control	0.8	Trial-wise
0.375	4	CVCR	0.8	Trial-wise
0.475	4	Baseline	0.8	Trial-wise
0.6	4	No control	0.8	Run-wise
0.25	4	CVCR	0.8	Run-wise
0.7	4	Baseline	0.8	Run-wise
0.5625	4	No control	0.8	Trial-wise
0.425	4	CVCR	0.8	Trial-wise
0.45	4	Baseline	0.8	Trial-wise
0.45	4	No control	0.8	Run-wise
0.45	4	CVCR	0.8	Run-wise
0.3	4	Baseline	0.8	Run-wise
0.5125	4	No control	0.8	Trial-wise
0.4125	4	CVCR	0.8	Trial-wise
0.475	4	Baseline	0.8	Trial-wise
0.85	4	No control	0.8	Run-wise
0.55	4	CVCR	0.8	Run-wise
0.3	4	Baseline	0.8	Run-wise
0.5125	4	No control	0.8	Trial-wise
0.325	4	CVCR	0.8	Trial-wise
0.4125	4	Baseline	0.8	Trial-wise
0.65	4	No control	0.8	Run-wise
0.5	4	CVCR	0.8	Run-wise
0.45	4	Baseline	0.8	Run-wise
0.4875	4	No control	0.8	Trial-wise
0.5625	4	CVCR	0.8	Trial-wise
0.575	4	Baseline	0.8	Trial-wise
0.85	4	No control	0.8	Run-wise
0.65	4	CVCR	0.8	Run-wise
0.3	4	Baseline	0.8	Run-wise
0.525	4	No control	0.8	Trial-wise
0.45	4	CVCR	0.8	Trial-wise
0.525	4	Baseline	0.8	Trial-wise
0.75	4	No control	0.8	Run-wise
0.35	4	CVCR	0.8	Run-wise
0.5	4	Baseline	0.8	Run-wise
0.5	4	No control	0.8	Trial-wise
0.4875	4	CVCR	0.8	Trial-wise
0.625	4	Baseline	0.8	Trial-wise
0.9	4	No control	0.8	Run-wise
0.5	4	CVCR	0.8	Run-wise
0.15	4	Baseline	0.8	Run-wise
0.5125	4	No control	0.8	Trial-wise
0.5	4	CVCR	0.8	Trial-wise
0.275	4	Baseline	0.8	Trial-wise
0.75	4	No control	0.8	Run-wise
0.45	4	CVCR	0.8	Run-wise
0.6	4	Baseline	0.8	Run-wise
0.6125	4	No control	0.8	Trial-wise
0.4375	4	CVCR	0.8	Trial-wise
0.425	4	Baseline	0.8	Trial-wise
0.7	4	No control	0.8	Run-wise
0.6	4	CVCR	0.8	Run-wise
0.25	4	Baseline	0.8	Run-wise
0.5875	4	No control	1.0	Trial-wise
0.425	4	CVCR	1.0	Trial-wise
0.275	4	Baseline	1.0	Trial-wise
1.0	4	No control	1.0	Run-wise
0.55	4	CVCR	1.0	Run-wise
0.4	4	Baseline	1.0	Run-wise
0.65	4	No control	1.0	Trial-wise
0.5125	4	CVCR	1.0	Trial-wise
0.375	4	Baseline	1.0	Trial-wise
1.0	4	No control	1.0	Run-wise
0.45	4	CVCR	1.0	Run-wise
0.6	4	Baseline	1.0	Run-wise
0.725	4	No control	1.0	Trial-wise
0.5375	4	CVCR	1.0	Trial-wise
0.4625	4	Baseline	1.0	Trial-wise
1.0	4	No control	1.0	Run-wise
0.4	4	CVCR	1.0	Run-wise
0.5	4	Baseline	1.0	Run-wise
0.65	4	No control	1.0	Trial-wise
0.4625	4	CVCR	1.0	Trial-wise
0.3375	4	Baseline	1.0	Trial-wise
0.95	4	No control	1.0	Run-wise
0.45	4	CVCR	1.0	Run-wise
0.55	4	Baseline	1.0	Run-wise
0.5875	4	No control	1.0	Trial-wise
0.425	4	CVCR	1.0	Trial-wise
0.4	4	Baseline	1.0	Trial-wise
1.0	4	No control	1.0	Run-wise
0.45	4	CVCR	1.0	Run-wise
0.5	4	Baseline	1.0	Run-wise
0.6375	4	No control	1.0	Trial-wise
0.475	4	CVCR	1.0	Trial-wise
0.425	4	Baseline	1.0	Trial-wise
1.0	4	No control	1.0	Run-wise
0.5	4	CVCR	1.0	Run-wise
0.55	4	Baseline	1.0	Run-wise
0.7125	4	No control	1.0	Trial-wise
0.475	4	CVCR	1.0	Trial-wise
0.425	4	Baseline	1.0	Trial-wise
0.95	4	No control	1.0	Run-wise
0.45	4	CVCR	1.0	Run-wise
0.6	4	Baseline	1.0	Run-wise
0.65	4	No control	1.0	Trial-wise
0.525	4	CVCR	1.0	Trial-wise
0.4875	4	Baseline	1.0	Trial-wise
0.9	4	No control	1.0	Run-wise
0.3	4	CVCR	1.0	Run-wise
0.8	4	Baseline	1.0	Run-wise
0.6125	4	No control	1.0	Trial-wise
0.475	4	CVCR	1.0	Trial-wise
0.4125	4	Baseline	1.0	Trial-wise
1.0	4	No control	1.0	Run-wise
0.5	4	CVCR	1.0	Run-wise
0.55	4	Baseline	1.0	Run-wise
0.6625	4	No control	1.0	Trial-wise
0.5375	4	CVCR	1.0	Trial-wise
0.625	4	Baseline	1.0	Trial-wise
1.0	4	No control	1.0	Run-wise
0.4	4	CVCR	1.0	Run-wise
0.7	4	Baseline	1.0	Run-wise
